Time,NetLoadDemand,temperature_2m,relative_humidity_2m,rain,snowfall,pressure_msl,surface_pressure,wind_speed_10m,wind_direction_10m,shortwave_radiation,cloud_cover,cloud_cover_low,direct_normal_irradiance,diffuse_radiation,temperature_2m_max,temperature_2m_min,month,day,quarter,hour,weather_effect
2024-01-01 0:00,2805,23.817501,85.39067,0,0,1014.2,1005.72546,10.1887,57.99466,0,97,18,0,0,29.2175,23.6175,1,1,1,0,3
2024-01-01 0:05,2820.6666666666665,23.821667,85.34758,0,0,1014.175,1005.70074,10.145743,56.911762,0,96.666664,20.416666,0,0,29.2175,23.6175,1,1,1,0,3
2024-01-01 0:10,2836.333333333333,23.825834,85.30448,0,0,1014.15,1005.6761,10.102787,55.828865,0,96.333336,22.833334,0,0,29.2175,23.6175,1,1,1,0,3
2024-01-01 0:15,2852,23.830002,85.26139,0,0,1014.125,1005.65137,10.05983,54.745968,0,96,25.25,0,0,29.2175,23.6175,1,1,1,0,3
2024-01-01 0:20,2832,23.834167,85.21829,0,0,1014.10004,1005.6267,10.016873,53.66307,0,95.666664,27.666666,0,0,29.2175,23.6175,1,1,1,0,3
2024-01-01 0:25,2812,23.838333,85.1752,0,0,1014.075,1005.602,9.973917,52.580173,0,95.333336,30.083334,0,0,29.2175,23.6175,1,1,1,0,3
2024-01-01 0:30,2792,23.8425,85.13211,0,0,1014.05005,1005.5773,9.93096,51.497276,0,95,32.5,0,0,29.2175,23.6175,1,1,1,0,3
2024-01-01 0:35,2800.333333333333,23.846668,85.08901,0,0,1014.025,1005.5526,9.888003,50.414383,0,94.666664,34.916668,0,0,29.2175,23.6175,1,1,1,0,3
2024-01-01 0:40,2808.6666666666665,23.850834,85.04592,0,0,1014,1005.5279,9.845047,49.331486,0,94.333336,37.333332,0,0,29.2175,23.6175,1,1,1,0,3
2024-01-01 0:45,2817,23.855,85.00282,0,0,1013.97504,1005.50323,9.802091,48.24859,0,94,39.75,0,0,29.2175,23.6175,1,1,1,0,3
2024-01-01 0:50,2814,23.859167,84.95973,0,0,1013.95,1005.4785,9.759134,47.16569,0,93.666664,42.166668,0,0,29.2175,23.6175,1,1,1,0,3
2024-01-01 0:55,2811,23.863335,84.91663,0,0,1013.92505,1005.45386,9.716177,46.082794,0,93.333336,44.583332,0,0,29.2175,23.6175,1,1,1,0,3
2024-01-01 1:00,2808,23.8675,84.87354,0,0,1013.9,1005.42914,9.673221,44.999897,0,93,47,0,0,29.2175,23.6175,1,1,1,1,3
2024-01-01 1:05,2822.333333333333,23.846666,84.84965,0,0,1013.9167,1005.44507,10.03558,43.68302,0,92.916664,45.083332,0,0,29.2175,23.6175,1,1,1,1,3
2024-01-01 1:10,2836.6666666666665,23.825834,84.82575,0,0,1013.93335,1005.46106,10.397938,42.366146,0,92.833336,43.166668,0,0,29.2175,23.6175,1,1,1,1,3
2024-01-01 1:15,2851,23.805,84.80186,0,0,1013.95,1005.477,10.760297,41.04927,0,92.75,41.25,0,0,29.2175,23.6175,1,1,1,1,3
2024-01-01 1:20,2836.6666666666665,23.784166,84.77796,0,0,1013.9667,1005.4929,11.122656,39.732395,0,92.666664,39.333332,0,0,29.2175,23.6175,1,1,1,1,3
2024-01-01 1:25,2822.333333333333,23.763334,84.75407,0,0,1013.98334,1005.5089,11.485014,38.41552,0,92.583336,37.416668,0,0,29.2175,23.6175,1,1,1,1,3
2024-01-01 1:30,2808,23.7425,84.73018,0,0,1014,1005.52484,11.847373,37.098648,0,92.5,35.5,0,0,29.2175,23.6175,1,1,1,1,3
2024-01-01 1:35,2796.333333333333,23.721666,84.70628,0,0,1014.01666,1005.5408,12.209732,35.781773,0,92.416664,33.583332,0,0,29.2175,23.6175,1,1,1,1,3
2024-01-01 1:40,2784.6666666666665,23.700834,84.68239,0,0,1014.0333,1005.55676,12.57209,34.464897,0,92.333336,31.666666,0,0,29.2175,23.6175,1,1,1,1,3
2024-01-01 1:45,2773,23.68,84.65849,0,0,1014.05,1005.5727,12.934449,33.14802,0,92.25,29.75,0,0,29.2175,23.6175,1,1,1,1,3
2024-01-01 1:50,2789,23.659166,84.6346,0,0,1014.06665,1005.5886,13.296808,31.831146,0,92.166664,27.833334,0,0,29.2175,23.6175,1,1,1,1,3
2024-01-01 1:55,2805,23.638334,84.6107,0,0,1014.0833,1005.6046,13.659166,30.51427,0,92.083336,25.916666,0,0,29.2175,23.6175,1,1,1,1,3
2024-01-01 2:00,2821,23.6175,84.58681,0,0,1014.1,1005.62054,14.021525,29.197395,0,92,24,0,0,29.2175,23.6175,1,1,1,2,3
2024-01-01 2:05,2815,23.621668,84.56561,0,0,1014.1333,1005.6537,14.128682,30.196432,0,91.083336,22.75,0,0,29.2175,23.6175,1,1,1,2,3
2024-01-01 2:10,2809,23.625834,84.54442,0,0,1014.1666,1005.6869,14.23584,31.195469,0,90.166664,21.5,0,0,29.2175,23.6175,1,1,1,2,3
2024-01-01 2:15,2803,23.630001,84.52322,0,0,1014.19995,1005.72003,14.342997,32.194504,0,89.25,20.25,0,0,29.2175,23.6175,1,1,1,2,3
2024-01-01 2:20,2759.6666666666665,23.634167,84.50202,0,0,1014.23334,1005.75323,14.450153,33.193542,0,88.333336,19,0,0,29.2175,23.6175,1,1,1,2,3
2024-01-01 2:25,2716.333333333333,23.638334,84.48083,0,0,1014.26666,1005.7864,14.557311,34.19258,0,87.416664,17.75,0,0,29.2175,23.6175,1,1,1,2,3
2024-01-01 2:30,2673,23.642502,84.459625,0,0,1014.3,1005.8196,14.664468,35.191616,0,86.5,16.5,0,0,29.2175,23.6175,1,1,1,2,3
2024-01-01 2:35,2687.6666666666665,23.646667,84.43843,0,0,1014.3333,1005.8527,14.771625,36.19065,0,85.583336,15.25,0,0,29.2175,23.6175,1,1,1,2,3
2024-01-01 2:40,2702.333333333333,23.650835,84.41724,0,0,1014.36664,1005.88586,14.878782,37.18969,0,84.666664,14,0,0,29.2175,23.6175,1,1,1,2,3
2024-01-01 2:45,2717,23.655,84.39604,0,0,1014.4,1005.91907,14.985939,38.18873,0,83.75,12.75,0,0,29.2175,23.6175,1,1,1,2,3
2024-01-01 2:50,2698,23.659168,84.37485,0,0,1014.43335,1005.9522,15.093096,39.187763,0,82.833336,11.5,0,0,29.2175,23.6175,1,1,1,2,3
2024-01-01 2:55,2679,23.663334,84.353645,0,0,1014.4667,1005.9854,15.2002535,40.1868,0,81.916664,10.25,0,0,29.2175,23.6175,1,1,1,2,3
2024-01-01 3:00,2660,23.667501,84.33245,0,0,1014.5,1006.01855,15.30741,41.185837,0,81,9,0,0,29.2175,23.6175,1,1,1,3,3
2024-01-01 3:05,2656.333333333333,23.705002,84.31499,0,0,1014.5417,1006.0609,15.265081,41.83246,1.5,75.166664,8.75,5.552776,0.9166667,29.2175,23.6175,1,1,1,3,3
2024-01-01 3:10,2652.6666666666665,23.7425,84.297516,0,0,1014.5833,1006.10333,15.222752,42.47908,3,69.333336,8.5,11.105552,1.8333334,29.2175,23.6175,1,1,1,3,3
2024-01-01 3:15,2649,23.78,84.28005,0,0,1014.625,1006.14575,15.180423,43.1257,4.5,63.5,8.25,16.658327,2.75,29.2175,23.6175,1,1,1,3,3
2024-01-01 3:20,2643,23.817501,84.26258,0,0,1014.6667,1006.1881,15.138093,43.77232,6,57.666668,8,22.211103,3.6666667,29.2175,23.6175,1,1,1,3,3
2024-01-01 3:25,2637,23.855001,84.24512,0,0,1014.7083,1006.23047,15.095764,44.41894,7.5,51.833332,7.75,27.763878,4.5833335,29.2175,23.6175,1,1,1,3,3
2024-01-01 3:30,2631,23.892502,84.227646,0,0,1014.75,1006.2729,15.053434,45.065563,9,46,7.5,33.316654,5.5,29.2175,23.6175,1,1,1,3,3
2024-01-01 3:35,2632.333333333333,23.93,84.21018,0,0,1014.7917,1006.3153,15.011106,45.712185,10.5,40.166668,7.25,38.86943,6.4166665,29.2175,23.6175,1,1,1,3,3
2024-01-01 3:40,2633.6666666666665,23.9675,84.19272,0,0,1014.8333,1006.35767,14.968777,46.358807,12,34.333332,7,44.422207,7.3333335,29.2175,23.6175,1,1,1,3,3
2024-01-01 3:45,2635,24.005001,84.17525,0,0,1014.875,1006.4,14.926447,47.005424,13.5,28.5,6.75,49.974983,8.25,29.2175,23.6175,1,1,1,3,3
2024-01-01 3:50,2631.333333333333,24.0425,84.15778,0,0,1014.9167,1006.44244,14.884118,47.652046,15,22.666666,6.5,55.527756,9.166667,29.2175,23.6175,1,1,1,3,3
2024-01-01 3:55,2627.6666666666665,24.08,84.14031,0,0,1014.9583,1006.48486,14.841788,48.298668,16.5,16.833334,6.25,61.080532,10.083333,29.2175,23.6175,1,1,1,3,3
2024-01-01 4:00,2624,24.1175,84.12285,0,0,1015,1006.5272,14.799459,48.94529,18,11,6,66.63331,11,29.2175,23.6175,1,1,1,4,0
2024-01-01 4:05,2644.333333333333,24.221666,83.59853,0,0,1015.06665,1006.5963,14.946497,48.83673,31.5,13.5,8,100.802345,15.25,29.2175,23.6175,1,1,1,4,0
2024-01-01 4:10,2664.6666666666665,24.325834,83.07421,0,0,1015.1333,1006.66534,15.093534,48.728176,45,16,10,134.97139,19.5,29.2175,23.6175,1,1,1,4,0
2024-01-01 4:15,2685,24.43,82.5499,0,0,1015.2,1006.73444,15.240572,48.61962,58.5,18.5,12,169.14043,23.75,29.2175,23.6175,1,1,1,4,0
2024-01-01 4:20,2677.333333333333,24.534166,82.02557,0,0,1015.26666,1006.80347,15.38761,48.511063,72,21,14,203.30946,28,29.2175,23.6175,1,1,1,4,0
2024-01-01 4:25,2669.6666666666665,24.638334,81.50126,0,0,1015.3333,1006.87256,15.534648,48.402504,85.5,23.5,16,237.4785,32.25,29.2175,23.6175,1,1,1,4,0
2024-01-01 4:30,2662,24.7425,80.976944,0,0,1015.4,1006.94165,15.681685,48.29395,99,26,18,271.64755,36.5,29.2175,23.6175,1,1,1,4,0
2024-01-01 4:35,2658.333333333333,24.846666,80.45262,0,0,1015.4667,1007.0107,15.828723,48.185394,112.5,28.5,20,305.8166,40.75,29.2175,23.6175,1,1,1,4,0
2024-01-01 4:40,2654.6666666666665,24.950834,79.92831,0,0,1015.5333,1007.0798,15.97576,48.076836,126,31,22,339.98563,45,29.2175,23.6175,1,1,1,4,0
2024-01-01 4:45,2651,25.055,79.403984,0,0,1015.6,1007.1488,16.122799,47.968277,139.5,33.5,24,374.15466,49.25,29.2175,23.6175,1,1,1,4,0
2024-01-01 4:50,2640,25.159166,78.87967,0,0,1015.6666,1007.2179,16.269836,47.859722,153,36,26,408.3237,53.5,29.2175,23.6175,1,1,1,4,0
2024-01-01 4:55,2629,25.263334,78.35535,0,0,1015.73334,1007.2869,16.416874,47.751167,166.5,38.5,28,442.49274,57.75,29.2175,23.6175,1,1,1,4,0
2024-01-01 5:00,2618,25.3675,77.83103,0,0,1015.8,1007.356,16.563911,47.64261,180,41,30,476.66177,62,29.2175,23.6175,1,1,1,5,1
2024-01-01 5:05,2642,25.505001,76.860054,0,0,1015.825,1007.38464,16.570742,49.37478,181.25,43.916668,28.083334,444.71027,69.583336,29.2175,23.6175,1,1,1,5,1
2024-01-01 5:10,2666,25.6425,75.88907,0,0,1015.85,1007.41327,16.57757,51.106945,182.5,46.833332,26.166666,412.7588,77.166664,29.2175,23.6175,1,1,1,5,1
2024-01-01 5:15,2690,25.78,74.91809,0,0,1015.875,1007.4419,16.5844,52.839115,183.75,49.75,24.25,380.80728,84.75,29.2175,23.6175,1,1,1,5,1
2024-01-01 5:20,2676.333333333333,25.9175,73.947105,0,0,1015.89996,1007.4705,16.591228,54.571285,185,52.666668,22.333334,348.8558,92.333336,29.2175,23.6175,1,1,1,5,1
2024-01-01 5:25,2662.6666666666665,26.055,72.97613,0,0,1015.925,1007.49915,16.598059,56.30345,186.25,55.583332,20.416666,316.9043,99.916664,29.2175,23.6175,1,1,1,5,1
2024-01-01 5:30,2649,26.192501,72.00514,0,0,1015.94995,1007.52783,16.604889,58.03562,187.5,58.5,18.5,284.95282,107.5,29.2175,23.6175,1,1,1,5,1
2024-01-01 5:35,2660.333333333333,26.33,71.034164,0,0,1015.975,1007.55646,16.611717,59.76779,188.75,61.416668,16.583334,253.00131,115.083336,29.2175,23.6175,1,1,1,5,1
2024-01-01 5:40,2671.6666666666665,26.4675,70.06319,0,0,1016,1007.5851,16.618547,61.499958,190,64.333336,14.666667,221.04982,122.666664,29.2175,23.6175,1,1,1,5,1
2024-01-01 5:45,2683,26.605,69.0922,0,0,1016.02496,1007.6137,16.625376,63.23213,191.25,67.25,12.75,189.09833,130.25,29.2175,23.6175,1,1,1,5,1
2024-01-01 5:50,2692.333333333333,26.7425,68.12122,0,0,1016.05,1007.64233,16.632206,64.964294,192.5,70.166664,10.833333,157.14684,137.83333,29.2175,23.6175,1,1,1,5,1
2024-01-01 5:55,2701.6666666666665,26.88,67.15024,0,0,1016.07495,1007.67096,16.639034,66.696465,193.75,73.083336,8.916667,125.19534,145.41667,29.2175,23.6175,1,1,1,5,1
2024-01-01 6:00,2711,27.0175,66.17926,0,0,1016.1,1007.6996,16.645864,68.428635,195,76,7,93.24385,153,29.2175,23.6175,1,1,1,6,2
2024-01-01 6:05,2723,27.084167,65.9106,0,0,1016.1,1007.7014,16.663273,68.56098,208.25,71.916664,6.75,108.71908,155.41667,29.2175,23.6175,1,1,1,6,2
2024-01-01 6:10,2735,27.150833,65.641945,0,0,1016.1,1007.70325,16.680681,68.69333,221.5,67.833336,6.5,124.194305,157.83333,29.2175,23.6175,1,1,1,6,2
2024-01-01 6:15,2747,27.2175,65.37328,0,0,1016.1,1007.70514,16.69809,68.825676,234.75,63.75,6.25,139.66953,160.25,29.2175,23.6175,1,1,1,6,2
2024-01-01 6:20,2726.333333333333,27.284166,65.10462,0,0,1016.1,1007.707,16.715498,68.95802,248,59.666668,6,155.14476,162.66667,29.2175,23.6175,1,1,1,6,2
2024-01-01 6:25,2705.6666666666665,27.350834,64.83597,0,0,1016.1,1007.7088,16.732906,69.09037,261.25,55.583332,5.75,170.61998,165.08333,29.2175,23.6175,1,1,1,6,2
2024-01-01 6:30,2685,27.4175,64.56731,0,0,1016.1,1007.7107,16.750317,69.22272,274.5,51.5,5.5,186.09521,167.5,29.2175,23.6175,1,1,1,6,2
2024-01-01 6:35,2610.333333333333,27.484167,64.298645,0,0,1016.1,1007.7125,16.767725,69.35507,287.75,47.416668,5.25,201.57043,169.91667,29.2175,23.6175,1,1,1,6,2
2024-01-01 6:40,2535.6666666666665,27.550835,64.02999,0,0,1016.1,1007.71436,16.785133,69.48742,301,43.333332,5,217.04565,172.33333,29.2175,23.6175,1,1,1,6,2
2024-01-01 6:45,2461,27.6175,63.76133,0,0,1016.1,1007.7162,16.802542,69.61977,314.25,39.25,4.75,232.52089,174.75,29.2175,23.6175,1,1,1,6,2
2024-01-01 6:50,2381,27.684168,63.492672,0,0,1016.1,1007.718,16.81995,69.75211,327.5,35.166668,4.5,247.99611,177.16667,29.2175,23.6175,1,1,1,6,2
2024-01-01 6:55,2301,27.750834,63.22401,0,0,1016.1,1007.7199,16.837358,69.88446,340.75,31.083334,4.25,263.47134,179.58333,29.2175,23.6175,1,1,1,6,2
2024-01-01 7:00,2221,27.817501,62.955353,0,0,1016.1,1007.72174,16.854767,70.01681,354,27,4,278.94656,182,29.2175,23.6175,1,1,1,7,1
2024-01-01 7:05,2112.6666666666665,27.896667,62.704025,0,0,1016.07495,1007.69916,16.818413,70.41081,377.33334,26.583334,4.1666665,305.1504,183.33333,29.2175,23.6175,1,1,1,7,1
2024-01-01 7:10,2004.3333333333333,27.975834,62.452694,0,0,1016.05,1007.6765,16.78206,70.80481,400.66666,26.166666,4.3333335,331.35422,184.66667,29.2175,23.6175,1,1,1,7,1
2024-01-01 7:15,1896,28.055,62.201363,0,0,1016.02496,1007.65393,16.745707,71.198814,424,25.75,4.5,357.55804,186,29.2175,23.6175,1,1,1,7,1
2024-01-01 7:20,1788.3333333333333,28.134167,61.950035,0,0,1016,1007.6313,16.709352,71.59281,447.33334,25.333334,4.6666665,383.76187,187.33333,29.2175,23.6175,1,1,1,7,1
2024-01-01 7:25,1680.6666666666667,28.213333,61.698708,0,0,1015.975,1007.6087,16.673,71.98682,470.66666,24.916666,4.8333335,409.9657,188.66667,29.2175,23.6175,1,1,1,7,1
2024-01-01 7:30,1573,28.2925,61.447376,0,0,1015.94995,1007.58606,16.636646,72.38081,494,24.5,5,436.1695,190,29.2175,23.6175,1,1,1,7,1
2024-01-01 7:35,1507.6666666666667,28.371668,61.196045,0,0,1015.925,1007.5635,16.600292,72.77482,517.3333,24.083334,5.1666665,462.37332,191.33333,29.2175,23.6175,1,1,1,7,1
2024-01-01 7:40,1442.3333333333333,28.450834,60.944717,0,0,1015.89996,1007.5409,16.56394,73.16882,540.6667,23.666666,5.3333335,488.57715,192.66667,29.2175,23.6175,1,1,1,7,1
2024-01-01 7:45,1377,28.53,60.69339,0,0,1015.875,1007.51825,16.527586,73.56282,564,23.25,5.5,514.781,194,29.2175,23.6175,1,1,1,7,1
2024-01-01 7:50,1377.6666666666667,28.609167,60.44206,0,0,1015.85,1007.49567,16.491232,73.956825,587.3333,22.833334,5.6666665,540.9848,195.33333,29.2175,23.6175,1,1,1,7,1
2024-01-01 7:55,1378.3333333333333,28.688334,60.190727,0,0,1015.825,1007.473,16.45488,74.35082,610.6667,22.416666,5.8333335,567.18866,196.66667,29.2175,23.6175,1,1,1,7,1
2024-01-01 8:00,1379,28.7675,59.9394,0,0,1015.8,1007.45044,16.418526,74.74483,634,22,6,593.39246,198,29.2175,23.6175,1,1,1,8,1
2024-01-01 8:05,1018,28.800833,59.76505,0,0,1015.76666,1007.41833,16.41094,74.846405,644.5,24.583334,6.5833335,608.4687,193.41667,29.2175,23.6175,1,1,1,8,1
2024-01-01 8:10,657,28.834167,59.5907,0,0,1015.73334,1007.38617,16.403355,74.947975,655,27.166666,7.1666665,623.5449,188.83333,29.2175,23.6175,1,1,1,8,1
2024-01-01 8:15,296,28.8675,59.416348,0,0,1015.7,1007.354,16.39577,75.04955,665.5,29.75,7.75,638.6212,184.25,29.2175,23.6175,1,1,1,8,1
2024-01-01 8:20,383,28.900833,59.241997,0,0,1015.6667,1007.3219,16.388184,75.15113,676,32.333332,8.333333,653.69745,179.66667,29.2175,23.6175,1,1,1,8,1
2024-01-01 8:25,470,28.934168,59.067646,0,0,1015.63336,1007.2898,16.380598,75.2527,686.5,34.916668,8.916667,668.7737,175.08333,29.2175,23.6175,1,1,1,8,1
2024-01-01 8:30,557,28.9675,58.893295,0,0,1015.6,1007.2576,16.373013,75.35428,697,37.5,9.5,683.8499,170.5,29.2175,23.6175,1,1,1,8,1
2024-01-01 8:35,636.6666666666666,29.000834,58.718945,0,0,1015.56665,1007.22546,16.365425,75.45586,707.5,40.083332,10.083333,698.92615,165.91667,29.2175,23.6175,1,1,1,8,1
2024-01-01 8:40,716.3333333333334,29.034168,58.544594,0,0,1015.5333,1007.19336,16.35784,75.55743,718,42.666668,10.666667,714.0024,161.33333,29.2175,23.6175,1,1,1,8,1
2024-01-01 8:45,796,29.067501,58.370243,0,0,1015.5,1007.16125,16.350254,75.659004,728.5,45.25,11.25,729.0786,156.75,29.2175,23.6175,1,1,1,8,1
2024-01-01 8:50,580,29.100834,58.195892,0,0,1015.4667,1007.1291,16.342669,75.76058,739,47.833332,11.833333,744.1549,152.16667,29.2175,23.6175,1,1,1,8,1
2024-01-01 8:55,364,29.134169,58.02154,0,0,1015.43335,1007.0969,16.335083,75.86215,749.5,50.416668,12.416667,759.23114,147.58333,29.2175,23.6175,1,1,1,8,1
2024-01-01 9:00,148,29.167501,57.84719,0,0,1015.4,1007.0648,16.327497,75.96373,760,53,13,774.3074,143,29.2175,23.6175,1,1,1,9,2
2024-01-01 9:05,-127,29.171669,57.759396,0,0,1015.3334,1006.9988,16.314537,75.73163,758.9167,56.833332,13.166667,775.3111,141,29.2175,23.6175,1,1,1,9,2
2024-01-01 9:10,-402,29.175835,57.671604,0,0,1015.26666,1006.9328,16.301577,75.49953,757.8333,60.666668,13.333333,776.3148,139,29.2175,23.6175,1,1,1,9,2
2024-01-01 9:15,-677,29.18,57.58381,0,0,1015.2,1006.8668,16.288616,75.267426,756.75,64.5,13.5,777.3186,137,29.2175,23.6175,1,1,1,9,2
2024-01-01 9:20,-717,29.184168,57.496017,0,0,1015.13336,1006.8008,16.275658,75.035324,755.6667,68.333336,13.666667,778.3223,135,29.2175,23.6175,1,1,1,9,2
2024-01-01 9:25,-757,29.188335,57.408222,0,0,1015.06665,1006.73474,16.262697,74.80322,754.5833,72.166664,13.833333,779.32605,133,29.2175,23.6175,1,1,1,9,2
2024-01-01 9:30,-797,29.192501,57.320427,0,0,1015,1006.66876,16.249737,74.57112,753.5,76,14,780.3298,131,29.2175,23.6175,1,1,1,9,2
2024-01-01 9:35,-784.6666667,29.196667,57.232635,0,0,1014.93335,1006.6028,16.236776,74.33902,752.4167,79.833336,14.166667,781.3335,129,29.2175,23.6175,1,1,1,9,2
2024-01-01 9:40,-772.3333333,29.200834,57.14484,0,0,1014.86664,1006.53674,16.223816,74.10692,751.3333,83.666664,14.333333,782.3372,127,29.2175,23.6175,1,1,1,9,2
2024-01-01 9:45,-760,29.205002,57.05705,0,0,1014.8,1006.4707,16.210857,73.87482,750.25,87.5,14.5,783.34094,125,29.2175,23.6175,1,1,1,9,2
2024-01-01 9:50,-1195.666667,29.209167,56.969254,0,0,1014.73334,1006.4047,16.197897,73.642715,749.1667,91.333336,14.666667,784.3447,123,29.2175,23.6175,1,1,1,9,2
2024-01-01 9:55,-1631.333333,29.213333,56.881462,0,0,1014.6666,1006.33875,16.184937,73.410614,748.0833,95.166664,14.833333,785.34845,121,29.2175,23.6175,1,1,1,9,2
2024-01-01 10:00,-2067,29.2175,56.793667,0,0,1014.6,1006.2727,16.171976,73.17851,747,99,15,786.3522,119,29.2175,23.6175,1,1,1,10,3
2024-01-01 10:05,-2008.333333,29.184168,56.949753,0,0,1014.52496,1006.1974,16.152468,73.04405,739.75,99,14.916667,780.8466,119.666664,29.2175,23.6175,1,1,1,10,3
2024-01-01 10:10,-1949.666667,29.150833,57.10584,0,0,1014.44995,1006.1221,16.13296,72.90959,732.5,99,14.833333,775.3411,120.333336,29.2175,23.6175,1,1,1,10,3
2024-01-01 10:15,-1891,29.1175,57.261925,0,0,1014.375,1006.04675,16.113451,72.77512,725.25,99,14.75,769.8356,121,29.2175,23.6175,1,1,1,10,3
2024-01-01 10:20,-1884.333333,29.084167,57.41801,0,0,1014.3,1005.9715,16.093943,72.64066,718,99,14.666667,764.33,121.666664,29.2175,23.6175,1,1,1,10,3
2024-01-01 10:25,-1877.666667,29.050835,57.574097,0,0,1014.225,1005.8962,16.074434,72.5062,710.75,99,14.583333,758.8245,122.333336,29.2175,23.6175,1,1,1,10,3
2024-01-01 10:30,-1871,29.017502,57.73018,0,0,1014.15,1005.82086,16.054928,72.371735,703.5,99,14.5,753.319,123,29.2175,23.6175,1,1,1,10,3
2024-01-01 10:35,-1565.333333,28.984167,57.886265,0,0,1014.075,1005.74554,16.03542,72.237274,696.25,99,14.416667,747.8134,123.666664,29.2175,23.6175,1,1,1,10,3
2024-01-01 10:40,-1259.666667,28.950834,58.04235,0,0,1014,1005.6702,16.015911,72.10281,689,99,14.333333,742.3079,124.333336,29.2175,23.6175,1,1,1,10,3
2024-01-01 10:45,-954,28.917501,58.198437,0,0,1013.925,1005.595,15.996403,71.96835,681.75,99,14.25,736.80237,125,29.2175,23.6175,1,1,1,10,3
2024-01-01 10:50,-1233.333333,28.884167,58.354523,0,0,1013.85,1005.51965,15.976894,71.83389,674.5,99,14.166667,731.2968,125.666664,29.2175,23.6175,1,1,1,10,3
2024-01-01 10:55,-1512.666667,28.850834,58.51061,0,0,1013.775,1005.44434,15.957386,71.699425,667.25,99,14.083333,725.7913,126.333336,29.2175,23.6175,1,1,1,10,3
2024-01-01 11:00,-1792,28.817501,58.666695,0,0,1013.7,1005.369,15.937878,71.564964,660,99,14,720.28577,127,29.2175,23.6175,1,1,1,11,3
2024-01-01 11:05,-1662.666667,28.796667,58.799908,0,0,1013.63336,1005.30237,15.957386,71.699425,652.1667,98.583336,14.083333,719.8704,126.333336,29.2175,23.6175,1,1,1,11,3
2024-01-01 11:10,-1533.333333,28.775835,58.93312,0,0,1013.56665,1005.23566,15.976894,71.83389,644.3333,98.166664,14.166667,719.455,125.666664,29.2175,23.6175,1,1,1,11,3
2024-01-01 11:15,-1404,28.755001,59.06633,0,0,1013.5,1005.169,15.996403,71.96835,636.5,97.75,14.25,719.0397,125,29.2175,23.6175,1,1,1,11,3
2024-01-01 11:20,-679.3333333,28.734167,59.199543,0,0,1013.43335,1005.10236,16.015911,72.10281,628.6667,97.333336,14.333333,718.62427,124.333336,29.2175,23.6175,1,1,1,11,3
2024-01-01 11:25,45.33333333333326,28.713335,59.332756,0,0,1013.3667,1005.03564,16.03542,72.237274,620.8333,96.916664,14.416667,718.2089,123.666664,29.2175,23.6175,1,1,1,11,3
2024-01-01 11:30,770,28.692501,59.465965,0,0,1013.30005,1004.969,16.054928,72.371735,613,96.5,14.5,717.7936,123,29.2175,23.6175,1,1,1,11,3
2024-01-01 11:35,395,28.671667,59.59918,0,0,1013.23334,1004.90234,16.074434,72.5062,605.1667,96.083336,14.583333,717.3782,122.333336,29.2175,23.6175,1,1,1,11,3
2024-01-01 11:40,20,28.650835,59.73239,0,0,1013.1667,1004.83563,16.093943,72.64066,597.3333,95.666664,14.666667,716.9628,121.666664,29.2175,23.6175,1,1,1,11,3
2024-01-01 11:45,-355,28.630001,59.865604,0,0,1013.10004,1004.769,16.113451,72.77512,589.5,95.25,14.75,716.5474,121,29.2175,23.6175,1,1,1,11,3
2024-01-01 11:50,-330.6666667,28.609167,59.998817,0,0,1013.0333,1004.70233,16.13296,72.90959,581.6667,94.833336,14.833333,716.1321,120.333336,29.2175,23.6175,1,1,1,11,3
2024-01-01 11:55,-306.3333333,28.588335,60.132027,0,0,1012.9667,1004.6356,16.152468,73.04405,573.8333,94.416664,14.916667,715.7167,119.666664,29.2175,23.6175,1,1,1,11,3
2024-01-01 12:00,-282,28.567501,60.26524,0,0,1012.9,1004.569,16.171976,73.17851,566,94,15,715.30133,119,29.2175,23.6175,1,1,1,12,3
2024-01-01 12:05,-999,28.521667,60.525562,0,0,1012.88336,1004.55115,16.134045,72.90569,553.8333,88.833336,14,716.39856,116.083336,29.2175,23.6175,1,1,1,12,3
2024-01-01 12:10,-1716,28.475834,60.78589,0,0,1012.8667,1004.5333,16.096111,72.63287,541.6667,83.666664,13,717.4958,113.166664,29.2175,23.6175,1,1,1,12,3
2024-01-01 12:15,-2433,28.43,61.04621,0,0,1012.85004,1004.5155,16.05818,72.360054,529.5,78.5,12,718.593,110.25,29.2175,23.6175,1,1,1,12,3
2024-01-01 12:20,-1152,28.384167,61.306538,0,0,1012.8334,1004.4977,16.020248,72.087234,517.3333,73.333336,11,719.69025,107.333336,29.2175,23.6175,1,1,1,12,3
2024-01-01 12:25,129,28.338333,61.56686,0,0,1012.8167,1004.47986,15.982317,71.814415,505.16666,68.166664,10,720.7875,104.416664,29.2175,23.6175,1,1,1,12,3
2024-01-01 12:30,1410,28.2925,61.827187,0,0,1012.80005,1004.46204,15.944385,71.541595,493,63,9,721.88477,101.5,29.2175,23.6175,1,1,1,12,3
2024-01-01 12:35,962.3333333333331,28.246668,62.08751,0,0,1012.7833,1004.4443,15.906452,71.26878,480.83334,57.833332,8,722.982,98.583336,29.2175,23.6175,1,1,1,12,3
2024-01-01 12:40,514.6666666666666,28.200834,62.34783,0,0,1012.76666,1004.42645,15.868521,70.995964,468.66666,52.666668,7,724.0792,95.666664,29.2175,23.6175,1,1,1,12,3
2024-01-01 12:45,67,28.155,62.60816,0,0,1012.75,1004.4086,15.830589,70.723145,456.5,47.5,6,725.17645,92.75,29.2175,23.6175,1,1,1,12,3
2024-01-01 12:50,140,28.109167,62.86848,0,0,1012.73334,1004.3908,15.792657,70.450325,444.33334,42.333332,5,726.2737,89.833336,29.2175,23.6175,1,1,1,12,3
2024-01-01 12:55,213,28.063334,63.128807,0,0,1012.7167,1004.373,15.7547245,70.177505,432.16666,37.166668,4,727.3709,86.916664,29.2175,23.6175,1,1,1,12,3
2024-01-01 13:00,286,28.0175,63.38913,0,0,1012.7,1004.35516,15.716793,69.904686,420,32,3,728.46814,84,29.2175,23.6175,1,1,1,13,1
2024-01-01 13:05,311.6666666666667,27.946667,63.641262,0,0,1012.72504,1004.378,15.660615,69.826164,402.25,32.666668,3.3333333,715.1765,81.916664,29.2175,23.6175,1,1,1,13,1
2024-01-01 13:10,337.3333333333333,27.875834,63.893394,0,0,1012.75,1004.4009,15.604437,69.74764,384.5,33.333332,3.6666667,701.8849,79.833336,29.2175,23.6175,1,1,1,13,1
2024-01-01 13:15,363,27.805,64.14552,0,0,1012.775,1004.4237,15.54826,69.66912,366.75,34,4,688.59326,77.75,29.2175,23.6175,1,1,1,13,1
2024-01-01 13:20,373.6666666666667,27.734167,64.39766,0,0,1012.8,1004.4466,15.492082,69.5906,349,34.666668,4.3333335,675.30164,75.666664,29.2175,23.6175,1,1,1,13,1
2024-01-01 13:25,384.3333333333333,27.663334,64.64979,0,0,1012.825,1004.4694,15.435904,69.51208,331.25,35.333332,4.6666665,662.01,73.583336,29.2175,23.6175,1,1,1,13,1
2024-01-01 13:30,395,27.5925,64.90192,0,0,1012.85,1004.4923,15.379726,69.43355,313.5,36,5,648.7184,71.5,29.2175,23.6175,1,1,1,13,1
2024-01-01 13:35,10,27.521667,65.15405,0,0,1012.875,1004.51514,15.323548,69.35503,295.75,36.666668,5.3333335,635.4267,69.416664,29.2175,23.6175,1,1,1,13,1
2024-01-01 13:40,-375,27.450834,65.40618,0,0,1012.9,1004.53796,15.26737,69.276505,278,37.333332,5.6666665,622.1351,67.333336,29.2175,23.6175,1,1,1,13,1
2024-01-01 13:45,-760,27.380001,65.65832,0,0,1012.925,1004.56085,15.211192,69.19798,260.25,38,6,608.84344,65.25,29.2175,23.6175,1,1,1,13,1
2024-01-01 13:50,-802.3333333,27.309168,65.910446,0,0,1012.95,1004.5837,15.155014,69.11946,242.5,38.666668,6.3333335,595.5518,63.166668,29.2175,23.6175,1,1,1,13,1
2024-01-01 13:55,-844.6666667,27.238335,66.16258,0,0,1012.975,1004.60657,15.098837,69.04094,224.75,39.333332,6.6666665,582.2602,61.083332,29.2175,23.6175,1,1,1,13,1
2024-01-01 14:00,-887,27.167501,66.41471,0,0,1013,1004.6294,15.042659,68.96242,207,40,7,568.96857,59,29.2175,23.6175,1,1,1,14,1
2024-01-01 14:05,-674,27.084167,66.86002,0,0,1013.025,1004.65186,14.853153,68.92376,192.16667,38.75,6.5,533.49274,55.166668,29.2175,23.6175,1,1,1,14,1
2024-01-01 14:10,-461,27.000835,67.30534,0,0,1013.05,1004.6743,14.663647,68.8851,177.33333,37.5,6,498.01694,51.333332,29.2175,23.6175,1,1,1,14,1
2024-01-01 14:15,-248,26.917501,67.750656,0,0,1013.075,1004.69684,14.47414,68.846436,162.5,36.25,5.5,462.54114,47.5,29.2175,23.6175,1,1,1,14,1
2024-01-01 14:20,-322,26.834167,68.19598,0,0,1013.1,1004.7193,14.284635,68.80778,147.66667,35,5,427.0653,43.666668,29.2175,23.6175,1,1,1,14,1
2024-01-01 14:25,-396,26.750835,68.64129,0,0,1013.125,1004.74176,14.095129,68.76912,132.83333,33.75,4.5,391.5895,39.833332,29.2175,23.6175,1,1,1,14,1
2024-01-01 14:30,-470,26.667501,69.08661,0,0,1013.15,1004.7643,13.9056225,68.73046,118,32.5,4,356.11368,36,29.2175,23.6175,1,1,1,14,1
2024-01-01 14:35,-484,26.584167,69.53192,0,0,1013.175,1004.78674,13.716116,68.6918,103.166664,31.25,3.5,320.63788,32.166668,29.2175,23.6175,1,1,1,14,1
2024-01-01 14:40,-498,26.500835,69.977234,0,0,1013.2,1004.8092,13.52661,68.653145,88.333336,30,3,285.16205,28.333334,29.2175,23.6175,1,1,1,14,1
2024-01-01 14:45,-512,26.417501,70.422554,0,0,1013.225,1004.83167,13.337105,68.61449,73.5,28.75,2.5,249.68625,24.5,29.2175,23.6175,1,1,1,14,1
2024-01-01 14:50,-281.3333333,26.334167,70.86787,0,0,1013.25,1004.8541,13.147598,68.57582,58.666668,27.5,2,214.21043,20.666666,29.2175,23.6175,1,1,1,14,1
2024-01-01 14:55,-50.66666667,26.250835,71.31319,0,0,1013.27496,1004.87665,12.958092,68.53716,43.833332,26.25,1.5,178.73462,16.833334,29.2175,23.6175,1,1,1,14,1
2024-01-01 15:00,180,26.167501,71.7585,0,0,1013.3,1004.8991,12.768586,68.498505,29,25,1,143.2588,13,29.2175,23.6175,1,1,1,15,1
2024-01-01 15:05,155,26.142502,71.92207,0,0,1013.31665,1004.9149,12.75796,68.62503,26.583334,22.916666,0.9166667,131.32057,11.916667,29.2175,23.6175,1,1,1,15,1
2024-01-01 15:10,130,26.1175,72.08564,0,0,1013.3333,1004.9308,12.7473345,68.75156,24.166666,20.833334,0.8333333,119.38234,10.833333,29.2175,23.6175,1,1,1,15,1
2024-01-01 15:15,105,26.0925,72.249214,0,0,1013.35,1004.9466,12.736709,68.87808,21.75,18.75,0.75,107.44411,9.75,29.2175,23.6175,1,1,1,15,1
2024-01-01 15:20,80,26.067501,72.41278,0,0,1013.36664,1004.9624,12.726083,69.00461,19.333334,16.666666,0.6666667,95.50587,8.666667,29.2175,23.6175,1,1,1,15,1
2024-01-01 15:25,125,26.042501,72.576355,0,0,1013.3833,1004.9783,12.715457,69.131134,16.916666,14.583333,0.5833333,83.567635,7.5833335,29.2175,23.6175,1,1,1,15,1
2024-01-01 15:30,170,26.017502,72.73993,0,0,1013.4,1004.9941,12.704831,69.25766,14.5,12.5,0.5,71.6294,6.5,29.2175,23.6175,1,1,1,15,1
2024-01-01 15:35,215,25.9925,72.903496,0,0,1013.4167,1005.0099,12.694205,69.38418,12.083333,10.416667,0.41666666,59.69117,5.4166665,29.2175,23.6175,1,1,1,15,1
2024-01-01 15:40,423.33333333333337,25.9675,73.06707,0,0,1013.43335,1005.02576,12.683579,69.510704,9.666667,8.333333,0.33333334,47.752934,4.3333335,29.2175,23.6175,1,1,1,15,1
2024-01-01 15:45,631.6666666666667,25.942501,73.23064,0,0,1013.45,1005.04156,12.672954,69.63723,7.25,6.25,0.25,35.8147,3.25,29.2175,23.6175,1,1,1,15,1
2024-01-01 15:50,840,25.9175,73.39421,0,0,1013.4667,1005.0574,12.662328,69.763756,4.8333335,4.1666665,0.16666667,23.876467,2.1666667,29.2175,23.6175,1,1,1,15,1
2024-01-01 15:55,897.6666666666666,25.8925,73.55778,0,0,1013.48334,1005.07324,12.651702,69.89028,2.4166667,2.0833333,0.083333336,11.938233,1.0833334,29.2175,23.6175,1,1,1,15,1
2024-01-01 16:00,955.3333333333334,25.8675,73.72135,0,0,1013.5,1005.08905,12.641076,70.01681,0,0,0,0,0,29.2175,23.6175,1,1,1,16,0
2024-01-01 16:05,1013,25.8675,73.74027,0,0,1013.55,1005.1386,12.623848,69.839615,0,0.5,0.16666667,0,0,29.2175,23.6175,1,1,1,16,0
2024-01-01 16:10,1149.6666666666667,25.8675,73.7592,0,0,1013.6,1005.18823,12.60662,69.66242,0,1,0.33333334,0,0,29.2175,23.6175,1,1,1,16,0
2024-01-01 16:15,1286.3333333333333,25.8675,73.77812,0,0,1013.65,1005.2378,12.589392,69.48523,0,1.5,0.5,0,0,29.2175,23.6175,1,1,1,16,0
2024-01-01 16:20,1423,25.8675,73.79705,0,0,1013.7,1005.28735,12.572164,69.30804,0,2,0.6666667,0,0,29.2175,23.6175,1,1,1,16,0
2024-01-01 16:25,1580.3333333333333,25.8675,73.81597,0,0,1013.75,1005.337,12.554935,69.130844,0,2.5,0.8333333,0,0,29.2175,23.6175,1,1,1,16,0
2024-01-01 16:30,1737.6666666666667,25.8675,73.8349,0,0,1013.8,1005.38654,12.537708,68.95366,0,3,1,0,0,29.2175,23.6175,1,1,1,16,0
2024-01-01 16:35,1895,25.8675,73.85382,0,0,1013.85,1005.4361,12.52048,68.77647,0,3.5,1.1666666,0,0,29.2175,23.6175,1,1,1,16,0
2024-01-01 16:40,1999.3333333333333,25.8675,73.87274,0,0,1013.89996,1005.4857,12.503252,68.59927,0,4,1.3333334,0,0,29.2175,23.6175,1,1,1,16,0
2024-01-01 16:45,2103.6666666666665,25.8675,73.89167,0,0,1013.94995,1005.5353,12.486024,68.42208,0,4.5,1.5,0,0,29.2175,23.6175,1,1,1,16,0
2024-01-01 16:50,2208,25.8675,73.91059,0,0,1014,1005.58484,12.468796,68.24489,0,5,1.6666666,0,0,29.2175,23.6175,1,1,1,16,0
2024-01-01 16:55,2329.6666666666665,25.8675,73.92952,0,0,1014.05,1005.63446,12.451568,68.067696,0,5.5,1.8333334,0,0,29.2175,23.6175,1,1,1,16,0
2024-01-01 17:00,2451.333333333333,25.8675,73.94844,0,0,1014.1,1005.684,12.43434,67.8905,0,6,2,0,0,29.2175,23.6175,1,1,1,17,0
2024-01-01 17:05,2573,25.855,74.04182,0,0,1014.175,1005.75806,12.13909,67.95207,0,6.5,2.75,0,0,29.2175,23.6175,1,1,1,17,0
2024-01-01 17:10,2699.333333333333,25.8425,74.13519,0,0,1014.25,1005.8321,11.843841,68.01364,0,7,3.5,0,0,29.2175,23.6175,1,1,1,17,0
2024-01-01 17:15,2825.6666666666665,25.83,74.22856,0,0,1014.32495,1005.9061,11.548591,68.0752,0,7.5,4.25,0,0,29.2175,23.6175,1,1,1,17,0
2024-01-01 17:20,2952,25.817501,74.32194,0,0,1014.39996,1005.98016,11.253341,68.13677,0,8,5,0,0,29.2175,23.6175,1,1,1,17,0
2024-01-01 17:25,3003.333333333333,25.805,74.41531,0,0,1014.475,1006.0542,10.958092,68.19834,0,8.5,5.75,0,0,29.2175,23.6175,1,1,1,17,0
2024-01-01 17:30,3054.6666666666665,25.7925,74.50869,0,0,1014.55,1006.12823,10.662842,68.2599,0,9,6.5,0,0,29.2175,23.6175,1,1,1,17,0
2024-01-01 17:35,3106,25.78,74.602066,0,0,1014.625,1006.2023,10.367592,68.32147,0,9.5,7.25,0,0,29.2175,23.6175,1,1,1,17,0
2024-01-01 17:40,3129.6666666666665,25.7675,74.69544,0,0,1014.7,1006.2763,10.072343,68.38304,0,10,8,0,0,29.2175,23.6175,1,1,1,17,0
2024-01-01 17:45,3153.333333333333,25.755001,74.78882,0,0,1014.775,1006.35034,9.777093,68.44461,0,10.5,8.75,0,0,29.2175,23.6175,1,1,1,17,0
2024-01-01 17:50,3177,25.7425,74.88219,0,0,1014.85,1006.4244,9.481843,68.50618,0,11,9.5,0,0,29.2175,23.6175,1,1,1,17,0
2024-01-01 17:55,3194.333333333333,25.730001,74.97556,0,0,1014.925,1006.4984,9.186594,68.56774,0,11.5,10.25,0,0,29.2175,23.6175,1,1,1,17,0
2024-01-01 18:00,3211.6666666666665,25.7175,75.06894,0,0,1015,1006.57245,8.891344,68.62931,0,12,11,0,0,29.2175,23.6175,1,1,1,18,0
2024-01-01 18:05,3229,25.709167,75.10616,0,0,1014.9917,1006.56396,8.995739,68.120674,0,12,11.083333,0,0,29.2175,23.6175,1,1,1,18,0
2024-01-01 18:10,3235,25.700834,75.14339,0,0,1014.98334,1006.5554,9.100134,67.61204,0,12,11.166667,0,0,29.2175,23.6175,1,1,1,18,0
2024-01-01 18:15,3241,25.692501,75.1806,0,0,1014.975,1006.54694,9.204529,67.10339,0,12,11.25,0,0,29.2175,23.6175,1,1,1,18,0
2024-01-01 18:20,3247,25.684168,75.21783,0,0,1014.9667,1006.53845,9.308924,66.59476,0,12,11.333333,0,0,29.2175,23.6175,1,1,1,18,0
2024-01-01 18:25,3249,25.675835,75.25505,0,0,1014.9584,1006.5299,9.413319,66.08612,0,12,11.416667,0,0,29.2175,23.6175,1,1,1,18,0
2024-01-01 18:30,3251,25.6675,75.29227,0,0,1014.95,1006.5214,9.517714,65.577484,0,12,11.5,0,0,29.2175,23.6175,1,1,1,18,0
2024-01-01 18:35,3253,25.659166,75.32949,0,0,1014.94165,1006.51294,9.6221075,65.06885,0,12,11.583333,0,0,29.2175,23.6175,1,1,1,18,0
2024-01-01 18:40,3259,25.650833,75.366714,0,0,1014.93335,1006.5044,9.726502,64.56021,0,12,11.666667,0,0,29.2175,23.6175,1,1,1,18,0
2024-01-01 18:45,3265,25.6425,75.40394,0,0,1014.92505,1006.4959,9.830897,64.051575,0,12,11.75,0,0,29.2175,23.6175,1,1,1,18,0
2024-01-01 18:50,3271,25.634167,75.44116,0,0,1014.9167,1006.4874,9.935292,63.542934,0,12,11.833333,0,0,29.2175,23.6175,1,1,1,18,0
2024-01-01 18:55,3248.6666666666665,25.625834,75.47838,0,0,1014.9083,1006.4789,10.039687,63.034294,0,12,11.916667,0,0,29.2175,23.6175,1,1,1,18,0
2024-01-01 19:00,3226.333333333333,25.6175,75.5156,0,0,1014.9,1006.4704,10.144082,62.525658,0,12,12,0,0,29.2175,23.6175,1,1,1,19,0
2024-01-01 19:05,3204,25.609167,75.53365,0,0,1014.875,1006.4454,10.291919,62.73045,0,11.75,11.75,0,0,29.2175,23.6175,1,1,1,19,0
2024-01-01 19:10,3225.6666666666665,25.600834,75.5517,0,0,1014.85004,1006.42035,10.439755,62.935238,0,11.5,11.5,0,0,29.2175,23.6175,1,1,1,19,0
2024-01-01 19:15,3247.333333333333,25.5925,75.56975,0,0,1014.825,1006.3953,10.587591,63.14003,0,11.25,11.25,0,0,29.2175,23.6175,1,1,1,19,0
2024-01-01 19:20,3269,25.584167,75.58779,0,0,1014.8,1006.3703,10.735428,63.344822,0,11,11,0,0,29.2175,23.6175,1,1,1,19,0
2024-01-01 19:25,3234,25.575834,75.60584,0,0,1014.775,1006.3453,10.883265,63.54961,0,10.75,10.75,0,0,29.2175,23.6175,1,1,1,19,0
2024-01-01 19:30,3199,25.567501,75.623886,0,0,1014.75,1006.3202,11.031101,63.754402,0,10.5,10.5,0,0,29.2175,23.6175,1,1,1,19,0
2024-01-01 19:35,3164,25.559166,75.64194,0,0,1014.725,1006.29517,11.178938,63.959194,0,10.25,10.25,0,0,29.2175,23.6175,1,1,1,19,0
2024-01-01 19:40,3169.333333333333,25.550833,75.65999,0,0,1014.7,1006.27014,11.326775,64.16399,0,10,10,0,0,29.2175,23.6175,1,1,1,19,0
2024-01-01 19:45,3174.6666666666665,25.5425,75.67803,0,0,1014.675,1006.2451,11.474611,64.368774,0,9.75,9.75,0,0,29.2175,23.6175,1,1,1,19,0
2024-01-01 19:50,3180,25.534166,75.69608,0,0,1014.64996,1006.2201,11.622447,64.57356,0,9.5,9.5,0,0,29.2175,23.6175,1,1,1,19,0
2024-01-01 19:55,3182.333333333333,25.525833,75.71413,0,0,1014.625,1006.19507,11.770284,64.77836,0,9.25,9.25,0,0,29.2175,23.6175,1,1,1,19,0
2024-01-01 20:00,3184.6666666666665,25.5175,75.73218,0,0,1014.6,1006.17004,11.91812,64.98315,0,9,9,0,0,29.2175,23.6175,1,1,1,20,0
2024-01-01 20:05,3187,25.505,75.84765,0,0,1014.57495,1006.1449,11.998257,64.85413,0,9,8.916667,0,0,29.18,23.646667,1,1,1,20,0
2024-01-01 20:10,3167,25.4925,75.96311,0,0,1014.55,1006.11975,12.078392,64.72513,0,9,8.833333,0,0,29.1425,23.675835,1,1,1,20,0
2024-01-01 20:15,3147,25.48,76.07858,0,0,1014.52496,1006.09467,12.158528,64.596115,0,9,8.75,0,0,29.105,23.705,1,1,1,20,0
2024-01-01 20:20,3127,25.4675,76.194046,0,0,1014.5,1006.0695,12.238665,64.4671,0,9,8.666667,0,0,29.067501,23.734167,1,1,1,20,0
2024-01-01 20:25,3142.333333333333,25.455,76.30952,0,0,1014.475,1006.0444,12.3188,64.33809,0,9,8.583333,0,0,29.03,23.763334,1,1,1,20,0
2024-01-01 20:30,3157.6666666666665,25.442501,76.42499,0,0,1014.44995,1006.0193,12.398936,64.209076,0,9,8.5,0,0,28.9925,23.7925,1,1,1,20,0
2024-01-01 20:35,3173,25.43,76.54045,0,0,1014.425,1005.99414,12.479073,64.08007,0,9,8.416667,0,0,28.955,23.821667,1,1,1,20,0
2024-01-01 20:40,3144,25.4175,76.65592,0,0,1014.39996,1005.969,12.559208,63.951057,0,9,8.333333,0,0,28.9175,23.850834,1,1,1,20,0
2024-01-01 20:45,3115,25.405,76.771385,0,0,1014.375,1005.94385,12.639344,63.822044,0,9,8.25,0,0,28.880001,23.880001,1,1,1,20,0
2024-01-01 20:50,3086,25.3925,76.886856,0,0,1014.35,1005.9187,12.7194805,63.693035,0,9,8.166667,0,0,28.8425,23.909168,1,1,1,20,0
2024-01-01 20:55,3088,25.380001,77.00232,0,0,1014.325,1005.8936,12.799616,63.564026,0,9,8.083333,0,0,28.805,23.938334,1,1,1,20,0
2024-01-01 21:00,3090,25.3675,77.11779,0,0,1014.3,1005.86847,12.879752,63.435013,0,9,8,0,0,28.7675,23.9675,1,1,1,21,0
2024-01-01 21:05,3092,25.346666,77.23418,0,0,1014.25,1005.8183,12.920082,63.37749,0,8.833333,7.9166665,0,0,28.7675,23.9675,1,1,1,21,0
2024-01-01 21:10,3088.6666666666665,25.325834,77.35056,0,0,1014.2,1005.76807,12.960412,63.31997,0,8.666667,7.8333335,0,0,28.7675,23.9675,1,1,1,21,0
2024-01-01 21:15,3085.333333333333,25.305,77.46695,0,0,1014.15,1005.7179,13.000742,63.262447,0,8.5,7.75,0,0,28.7675,23.9675,1,1,1,21,0
2024-01-01 21:20,3082,25.284166,77.583336,0,0,1014.1,1005.6677,13.041072,63.204926,0,8.333333,7.6666665,0,0,28.7675,23.9675,1,1,1,21,0
2024-01-01 21:25,3060,25.263334,77.69972,0,0,1014.05,1005.61755,13.081402,63.147404,0,8.166667,7.5833335,0,0,28.7675,23.9675,1,1,1,21,0
2024-01-01 21:30,3038,25.2425,77.8161,0,0,1014,1005.5674,13.121732,63.08988,0,8,7.5,0,0,28.7675,23.9675,1,1,1,21,0
2024-01-01 21:35,3016,25.221666,77.93249,0,0,1013.95,1005.51715,13.162062,63.032364,0,7.8333335,7.4166665,0,0,28.7675,23.9675,1,1,1,21,0
2024-01-01 21:40,3036.6666666666665,25.200834,78.048874,0,0,1013.9,1005.467,13.202392,62.974842,0,7.6666665,7.3333335,0,0,28.7675,23.9675,1,1,1,21,0
2024-01-01 21:45,3057.333333333333,25.18,78.16526,0,0,1013.85,1005.4168,13.242722,62.91732,0,7.5,7.25,0,0,28.7675,23.9675,1,1,1,21,0
2024-01-01 21:50,3078,25.159166,78.28165,0,0,1013.8,1005.3666,13.2830515,62.8598,0,7.3333335,7.1666665,0,0,28.7675,23.9675,1,1,1,21,0
2024-01-01 21:55,3067,25.138334,78.39803,0,0,1013.75,1005.3164,13.323381,62.802277,0,7.1666665,7.0833335,0,0,28.7675,23.9675,1,1,1,21,0
2024-01-01 22:00,3056,25.1175,78.51442,0,0,1013.7,1005.26624,13.363711,62.744755,0,7,7,0,0,28.7675,23.9675,1,1,1,22,0
2024-01-01 22:05,3045,25.096666,78.65356,0,0,1013.63336,1005.1995,13.351522,62.569553,0,9,8.916667,0,0,28.7675,23.9675,1,1,1,22,0
2024-01-01 22:10,3013.6666666666665,25.075834,78.7927,0,0,1013.56665,1005.1328,13.339334,62.394352,0,11,10.833333,0,0,28.7675,23.9675,1,1,1,22,0
2024-01-01 22:15,2982.333333333333,25.055,78.93184,0,0,1013.5,1005.06616,13.327145,62.21915,0,13,12.75,0,0,28.7675,23.9675,1,1,1,22,0
2024-01-01 22:20,2951,25.034166,79.07098,0,0,1013.43335,1004.99945,13.314956,62.04395,0,15,14.666667,0,0,28.7675,23.9675,1,1,1,22,0
2024-01-01 22:25,2953,25.013334,79.21012,0,0,1013.3667,1004.93274,13.302767,61.868748,0,17,16.583334,0,0,28.7675,23.9675,1,1,1,22,0
2024-01-01 22:30,2955,24.9925,79.34926,0,0,1013.30005,1004.8661,13.290577,61.69355,0,19,18.5,0,0,28.7675,23.9675,1,1,1,22,0
2024-01-01 22:35,2957,24.971666,79.488396,0,0,1013.23334,1004.7994,13.278388,61.51835,0,21,20.416666,0,0,28.7675,23.9675,1,1,1,22,0
2024-01-01 22:40,2950.6666666666665,24.950834,79.62754,0,0,1013.1667,1004.73267,13.266199,61.343147,0,23,22.333334,0,0,28.7675,23.9675,1,1,1,22,0
2024-01-01 22:45,2944.333333333333,24.93,79.76668,0,0,1013.10004,1004.66595,13.25401,61.167946,0,25,24.25,0,0,28.7675,23.9675,1,1,1,22,0
2024-01-01 22:50,2938,24.909166,79.905815,0,0,1013.0333,1004.59924,13.241821,60.992744,0,27,26.166666,0,0,28.7675,23.9675,1,1,1,22,0
2024-01-01 22:55,2899.6666666666665,24.888334,80.04496,0,0,1012.9667,1004.5326,13.229632,60.817543,0,29,28.083334,0,0,28.7675,23.9675,1,1,1,22,0
2024-01-01 23:00,2861.333333333333,24.8675,80.1841,0,0,1012.9,1004.4659,13.217443,60.64234,0,31,30,0,0,28.7675,23.9675,1,1,1,23,1
2024-01-01 23:05,2823,24.821667,80.45001,0,0,1012.85834,1004.4233,13.620782,61.1306,0,32.416668,30.25,0,0,28.7675,23.9675,1,1,1,23,1
2024-01-01 23:10,2817.6666666666665,24.775833,80.71593,0,0,1012.8167,1004.3807,14.024121,61.618855,0,33.833332,30.5,0,0,28.7675,23.9675,1,1,1,23,1
2024-01-01 23:15,2812.333333333333,24.73,80.981834,0,0,1012.775,1004.3381,14.42746,62.10711,0,35.25,30.75,0,0,28.7675,23.9675,1,1,1,23,1
2024-01-01 23:20,2807,24.684168,81.24775,0,0,1012.73334,1004.2955,14.830798,62.595367,0,36.666668,31,0,0,28.7675,23.9675,1,1,1,23,1
2024-01-01 23:25,2834.333333333333,24.638334,81.513664,0,0,1012.6917,1004.25287,15.234138,63.083626,0,38.083332,31.25,0,0,28.7675,23.9675,1,1,1,23,1
2024-01-01 23:30,2861.6666666666665,24.5925,81.77957,0,0,1012.65,1004.21027,15.637476,63.57188,0,39.5,31.5,0,0,28.7675,23.9675,1,1,1,23,1
2024-01-01 23:35,2889,24.546667,82.04549,0,0,1012.60834,1004.16766,16.040815,64.060135,0,40.916668,31.75,0,0,28.7675,23.9675,1,1,1,23,1
2024-01-01 23:40,2876.333333333333,24.500834,82.3114,0,0,1012.5667,1004.12506,16.444153,64.54839,0,42.333332,32,0,0,28.7675,23.9675,1,1,1,23,1
2024-01-01 23:45,2863.6666666666665,24.455002,82.57732,0,0,1012.525,1004.08246,16.847492,65.03665,0,43.75,32.25,0,0,28.7675,23.9675,1,1,1,23,1
2024-01-01 23:50,2851,24.409168,82.84323,0,0,1012.48334,1004.03986,17.250832,65.5249,0,45.166668,32.5,0,0,28.7675,23.9675,1,1,1,23,1
2024-01-01 23:55,2828,24.363335,83.10914,0,0,1012.4417,1003.99725,17.65417,66.01316,0,46.583332,32.75,0,0,28.7675,23.9675,1,1,1,23,1
